track_id,filename,audio_relpath,coarse_genre,possible_styles,vocal_role,obvious_instruments,moods,sound_character,listening_contexts,notes,confidence
01sj_3_Cozy_spa_smooth_jazz_background,01sj_3_Cozy_spa_smooth_jazz_background.mp3,test_tracks/01sj_3_Cozy_spa_smooth_jazz_background.mp3,,,,,,,,,
01sj_4_Warm_spa_lounge_jazz_70BPM,01sj_4_Warm_spa_lounge_jazz_70BPM.mp3,test_tracks/01sj_4_Warm_spa_lounge_jazz_70BPM.mp3,,,,,,,,,
02lounge_10_Aflat_major_Smooth,02lounge_10_Aflat_major_Smooth.mp3,test_tracks/02lounge_10_Aflat_major_Smooth.mp3,,,,,,,,,
03spa_Massage_Music_Harmony,03spa_Massage_Music_Harmony.mp3,test_tracks/03spa_Massage_Music_Harmony.mp3,,,,,,,,,
03spa_Quiet_Body_Healing,03spa_Quiet_Body_Healing.mp3,test_tracks/03spa_Quiet_Body_Healing.mp3,,,,,,,,,
03spa_Warm_Massage_Comfort,03spa_Warm_Massage_Comfort.mp3,test_tracks/03spa_Warm_Massage_Comfort.mp3,,,,,,,,,
04sleep_2,04sleep_2.mp3,test_tracks/04sleep_2.mp3,,,,,,,,,
04sleep_10,04sleep_10.mp3,test_tracks/04sleep_10.mp3,,,,,,,,,
05med_Meditation_bez_slov_Vnutrennee_samoistselenie,05med_Meditation_bez_slov_Vnutrennee_samoistselenie.mp3,test_tracks/05med_Meditation_bez_slov_Vnutrennee_samoistselenie.mp3,,,,,,,,,
07contrast_Beethoven_Moonlight_Piano,07contrast_Beethoven_Moonlight_Piano.mp3,test_tracks/07contrast_Beethoven_Moonlight_Piano.mp3,,,,,,,,,
06vocal_sung_Ty_dazhe_ne_ponyal,06vocal_sung_Ty_dazhe_ne_ponyal.wav,test_tracks/06vocal_sung_Ty_dazhe_ne_ponyal.wav,,,,,,,,,
06vocal_sung_Ya_ostalas,06vocal_sung_Ya_ostalas.wav,test_tracks/06vocal_sung_Ya_ostalas.wav,,,,,,,,,
06vocal_spoken_Lyubov_k_sebe,06vocal_spoken_Lyubov_k_sebe.mp3,test_tracks/06vocal_spoken_Lyubov_k_sebe.mp3,,,,,,,,,
07contrast_energetic_Seychas_budet_pesnya_derzkim,07contrast_energetic_Seychas_budet_pesnya_derzkim.wav,test_tracks/07contrast_energetic_Seychas_budet_pesnya_derzkim.wav,,,,,,,,,
07contrast_sung_Tapki_u_poroga,07contrast_sung_Tapki_u_poroga.wav,test_tracks/07contrast_sung_Tapki_u_poroga.wav,,,,,,,,,
05med_Angelskiy_iscelayushchiy_impuls,05med_Angelskiy_iscelayushchiy_impuls.mp3,test_tracks/05med_Angelskiy_iscelayushchiy_impuls.mp3,,,,,,,,,
