seed_id,seed_filename,system,rank,neighbour_id,neighbour_filename,neighbour_audio_relpath,score
01sj_3_Cozy_spa_smooth_jazz_background,01sj_3_Cozy_spa_smooth_jazz_background.mp3,A,1,01sj_4_Warm_spa_lounge_jazz_70BPM,01sj_4_Warm_spa_lounge_jazz_70BPM.mp3,test_tracks/01sj_4_Warm_spa_lounge_jazz_70BPM.mp3,
01sj_3_Cozy_spa_smooth_jazz_background,01sj_3_Cozy_spa_smooth_jazz_background.mp3,A,2,01sj_10_Warm_spa_lounge_jazz,01sj_10_Warm_spa_lounge_jazz.mp3,test_tracks/01sj_10_Warm_spa_lounge_jazz.mp3,
01sj_3_Cozy_spa_smooth_jazz_background,01sj_3_Cozy_spa_smooth_jazz_background.mp3,A,3,01sj_1_Spa_relaxation_jazz_background,01sj_1_Spa_relaxation_jazz_background.mp3,test_tracks/01sj_1_Spa_relaxation_jazz_background.mp3,
01sj_3_Cozy_spa_smooth_jazz_background,01sj_3_Cozy_spa_smooth_jazz_background.mp3,A,4,02lounge_3_Aflat_major,02lounge_3_Aflat_major.mp3,test_tracks/02lounge_3_Aflat_major.mp3,
01sj_3_Cozy_spa_smooth_jazz_background,01sj_3_Cozy_spa_smooth_jazz_background.mp3,A,5,02lounge_2_Dflat_major,02lounge_2_Dflat_major.mp3,test_tracks/02lounge_2_Dflat_major.mp3,
01sj_3_Cozy_spa_smooth_jazz_background,01sj_3_Cozy_spa_smooth_jazz_background.mp3,B,1,01sj_1_Spa_relaxation_jazz_background,01sj_1_Spa_relaxation_jazz_background.mp3,test_tracks/01sj_1_Spa_relaxation_jazz_background.mp3,
01sj_3_Cozy_spa_smooth_jazz_background,01sj_3_Cozy_spa_smooth_jazz_background.mp3,B,2,02lounge_3_Aflat_major,02lounge_3_Aflat_major.mp3,test_tracks/02lounge_3_Aflat_major.mp3,
01sj_3_Cozy_spa_smooth_jazz_background,01sj_3_Cozy_spa_smooth_jazz_background.mp3,B,3,01sj_10_Warm_spa_lounge_jazz,01sj_10_Warm_spa_lounge_jazz.mp3,test_tracks/01sj_10_Warm_spa_lounge_jazz.mp3,
01sj_3_Cozy_spa_smooth_jazz_background,01sj_3_Cozy_spa_smooth_jazz_background.mp3,B,4,02lounge_10_Aflat_major_Smooth,02lounge_10_Aflat_major_Smooth.mp3,test_tracks/02lounge_10_Aflat_major_Smooth.mp3,
01sj_3_Cozy_spa_smooth_jazz_background,01sj_3_Cozy_spa_smooth_jazz_background.mp3,B,5,02lounge_4_Eflat_major,02lounge_4_Eflat_major.mp3,test_tracks/02lounge_4_Eflat_major.mp3,
02lounge_10_Aflat_major_Smooth,02lounge_10_Aflat_major_Smooth.mp3,A,1,02lounge_3_Aflat_major,02lounge_3_Aflat_major.mp3,test_tracks/02lounge_3_Aflat_major.mp3,
02lounge_10_Aflat_major_Smooth,02lounge_10_Aflat_major_Smooth.mp3,A,2,01sj_1_Spa_relaxation_jazz_background,01sj_1_Spa_relaxation_jazz_background.mp3,test_tracks/01sj_1_Spa_relaxation_jazz_background.mp3,
02lounge_10_Aflat_major_Smooth,02lounge_10_Aflat_major_Smooth.mp3,A,3,01sj_3_Cozy_spa_smooth_jazz_background,01sj_3_Cozy_spa_smooth_jazz_background.mp3,test_tracks/01sj_3_Cozy_spa_smooth_jazz_background.mp3,
02lounge_10_Aflat_major_Smooth,02lounge_10_Aflat_major_Smooth.mp3,A,4,02lounge_4_Eflat_major,02lounge_4_Eflat_major.mp3,test_tracks/02lounge_4_Eflat_major.mp3,
02lounge_10_Aflat_major_Smooth,02lounge_10_Aflat_major_Smooth.mp3,A,5,01sj_10_Warm_spa_lounge_jazz,01sj_10_Warm_spa_lounge_jazz.mp3,test_tracks/01sj_10_Warm_spa_lounge_jazz.mp3,
02lounge_10_Aflat_major_Smooth,02lounge_10_Aflat_major_Smooth.mp3,B,1,02lounge_3_Aflat_major,02lounge_3_Aflat_major.mp3,test_tracks/02lounge_3_Aflat_major.mp3,
02lounge_10_Aflat_major_Smooth,02lounge_10_Aflat_major_Smooth.mp3,B,2,02lounge_4_Eflat_major,02lounge_4_Eflat_major.mp3,test_tracks/02lounge_4_Eflat_major.mp3,
02lounge_10_Aflat_major_Smooth,02lounge_10_Aflat_major_Smooth.mp3,B,3,01sj_4_Warm_spa_lounge_jazz_70BPM,01sj_4_Warm_spa_lounge_jazz_70BPM.mp3,test_tracks/01sj_4_Warm_spa_lounge_jazz_70BPM.mp3,
02lounge_10_Aflat_major_Smooth,02lounge_10_Aflat_major_Smooth.mp3,B,4,02lounge_2_Dflat_major,02lounge_2_Dflat_major.mp3,test_tracks/02lounge_2_Dflat_major.mp3,
02lounge_10_Aflat_major_Smooth,02lounge_10_Aflat_major_Smooth.mp3,B,5,03spa_Warm_Massage_Comfort,03spa_Warm_Massage_Comfort.mp3,test_tracks/03spa_Warm_Massage_Comfort.mp3,
03spa_Quiet_Body_Healing,03spa_Quiet_Body_Healing.mp3,A,1,05med_Spokoynaya_Prisutstvie_tselitelya,05med_Spokoynaya_Prisutstvie_tselitelya.mp3,test_tracks/05med_Spokoynaya_Prisutstvie_tselitelya.mp3,
03spa_Quiet_Body_Healing,03spa_Quiet_Body_Healing.mp3,A,2,05med_Meditation_bez_slov_Vnutrennee_samoistselenie,05med_Meditation_bez_slov_Vnutrennee_samoistselenie.mp3,test_tracks/05med_Meditation_bez_slov_Vnutrennee_samoistselenie.mp3,
03spa_Quiet_Body_Healing,03spa_Quiet_Body_Healing.mp3,A,3,05med_Angelskiy_iscelayushchiy_impuls,05med_Angelskiy_iscelayushchiy_impuls.mp3,test_tracks/05med_Angelskiy_iscelayushchiy_impuls.mp3,
03spa_Quiet_Body_Healing,03spa_Quiet_Body_Healing.mp3,A,4,03spa_Relaxing_Music_for_Healing_Massage,03spa_Relaxing_Music_for_Healing_Massage.mp3,test_tracks/03spa_Relaxing_Music_for_Healing_Massage.mp3,
03spa_Quiet_Body_Healing,03spa_Quiet_Body_Healing.mp3,A,5,03spa_Music_for_Healing_Hands,03spa_Music_for_Healing_Hands.mp3,test_tracks/03spa_Music_for_Healing_Hands.mp3,
03spa_Quiet_Body_Healing,03spa_Quiet_Body_Healing.mp3,B,1,03spa_Music_for_Healing_Hands,03spa_Music_for_Healing_Hands.mp3,test_tracks/03spa_Music_for_Healing_Hands.mp3,
03spa_Quiet_Body_Healing,03spa_Quiet_Body_Healing.mp3,B,2,04sleep_4,04sleep_4.mp3,test_tracks/04sleep_4.mp3,
03spa_Quiet_Body_Healing,03spa_Quiet_Body_Healing.mp3,B,3,04sleep_2,04sleep_2.mp3,test_tracks/04sleep_2.mp3,
03spa_Quiet_Body_Healing,03spa_Quiet_Body_Healing.mp3,B,4,05med_Angelskiy_iscelayushchiy_impuls,05med_Angelskiy_iscelayushchiy_impuls.mp3,test_tracks/05med_Angelskiy_iscelayushchiy_impuls.mp3,
03spa_Quiet_Body_Healing,03spa_Quiet_Body_Healing.mp3,B,5,05med_Meditation_bez_slov_Vnutrennee_samoistselenie,05med_Meditation_bez_slov_Vnutrennee_samoistselenie.mp3,test_tracks/05med_Meditation_bez_slov_Vnutrennee_samoistselenie.mp3,
04sleep_10,04sleep_10.mp3,A,1,04sleep_4,04sleep_4.mp3,test_tracks/04sleep_4.mp3,
04sleep_10,04sleep_10.mp3,A,2,04sleep_3,04sleep_3.mp3,test_tracks/04sleep_3.mp3,
04sleep_10,04sleep_10.mp3,A,3,04sleep_1,04sleep_1.mp3,test_tracks/04sleep_1.mp3,
04sleep_10,04sleep_10.mp3,A,4,04sleep_2,04sleep_2.mp3,test_tracks/04sleep_2.mp3,
04sleep_10,04sleep_10.mp3,A,5,03spa_Music_for_Healing_Hands,03spa_Music_for_Healing_Hands.mp3,test_tracks/03spa_Music_for_Healing_Hands.mp3,
04sleep_10,04sleep_10.mp3,B,1,04sleep_2,04sleep_2.mp3,test_tracks/04sleep_2.mp3,
04sleep_10,04sleep_10.mp3,B,2,03spa_Music_for_Healing_Hands,03spa_Music_for_Healing_Hands.mp3,test_tracks/03spa_Music_for_Healing_Hands.mp3,
04sleep_10,04sleep_10.mp3,B,3,04sleep_1,04sleep_1.mp3,test_tracks/04sleep_1.mp3,
04sleep_10,04sleep_10.mp3,B,4,04sleep_4,04sleep_4.mp3,test_tracks/04sleep_4.mp3,
04sleep_10,04sleep_10.mp3,B,5,04sleep_3,04sleep_3.mp3,test_tracks/04sleep_3.mp3,
05med_Meditation_bez_slov_Vnutrennee_samoistselenie,05med_Meditation_bez_slov_Vnutrennee_samoistselenie.mp3,A,1,05med_Angelskiy_iscelayushchiy_impuls,05med_Angelskiy_iscelayushchiy_impuls.mp3,test_tracks/05med_Angelskiy_iscelayushchiy_impuls.mp3,
05med_Meditation_bez_slov_Vnutrennee_samoistselenie,05med_Meditation_bez_slov_Vnutrennee_samoistselenie.mp3,A,2,03spa_Quiet_Body_Healing,03spa_Quiet_Body_Healing.mp3,test_tracks/03spa_Quiet_Body_Healing.mp3,
05med_Meditation_bez_slov_Vnutrennee_samoistselenie,05med_Meditation_bez_slov_Vnutrennee_samoistselenie.mp3,A,3,04sleep_3,04sleep_3.mp3,test_tracks/04sleep_3.mp3,
05med_Meditation_bez_slov_Vnutrennee_samoistselenie,05med_Meditation_bez_slov_Vnutrennee_samoistselenie.mp3,A,4,04sleep_1,04sleep_1.mp3,test_tracks/04sleep_1.mp3,
05med_Meditation_bez_slov_Vnutrennee_samoistselenie,05med_Meditation_bez_slov_Vnutrennee_samoistselenie.mp3,A,5,05med_Spokoynaya_Prisutstvie_tselitelya,05med_Spokoynaya_Prisutstvie_tselitelya.mp3,test_tracks/05med_Spokoynaya_Prisutstvie_tselitelya.mp3,
05med_Meditation_bez_slov_Vnutrennee_samoistselenie,05med_Meditation_bez_slov_Vnutrennee_samoistselenie.mp3,B,1,05med_Spokoynaya_Prisutstvie_tselitelya,05med_Spokoynaya_Prisutstvie_tselitelya.mp3,test_tracks/05med_Spokoynaya_Prisutstvie_tselitelya.mp3,
05med_Meditation_bez_slov_Vnutrennee_samoistselenie,05med_Meditation_bez_slov_Vnutrennee_samoistselenie.mp3,B,2,04sleep_2,04sleep_2.mp3,test_tracks/04sleep_2.mp3,
05med_Meditation_bez_slov_Vnutrennee_samoistselenie,05med_Meditation_bez_slov_Vnutrennee_samoistselenie.mp3,B,3,03spa_Music_for_Healing_Hands,03spa_Music_for_Healing_Hands.mp3,test_tracks/03spa_Music_for_Healing_Hands.mp3,
05med_Meditation_bez_slov_Vnutrennee_samoistselenie,05med_Meditation_bez_slov_Vnutrennee_samoistselenie.mp3,B,4,05med_Angelskiy_iscelayushchiy_impuls,05med_Angelskiy_iscelayushchiy_impuls.mp3,test_tracks/05med_Angelskiy_iscelayushchiy_impuls.mp3,
05med_Meditation_bez_slov_Vnutrennee_samoistselenie,05med_Meditation_bez_slov_Vnutrennee_samoistselenie.mp3,B,5,04sleep_3,04sleep_3.mp3,test_tracks/04sleep_3.mp3,
07contrast_Beethoven_Moonlight_Piano,07contrast_Beethoven_Moonlight_Piano.mp3,A,1,03spa_Quiet_Body_Healing,03spa_Quiet_Body_Healing.mp3,test_tracks/03spa_Quiet_Body_Healing.mp3,
07contrast_Beethoven_Moonlight_Piano,07contrast_Beethoven_Moonlight_Piano.mp3,A,2,05med_Angelskiy_iscelayushchiy_impuls,05med_Angelskiy_iscelayushchiy_impuls.mp3,test_tracks/05med_Angelskiy_iscelayushchiy_impuls.mp3,
07contrast_Beethoven_Moonlight_Piano,07contrast_Beethoven_Moonlight_Piano.mp3,A,3,03spa_Music_for_Healing_Hands,03spa_Music_for_Healing_Hands.mp3,test_tracks/03spa_Music_for_Healing_Hands.mp3,
07contrast_Beethoven_Moonlight_Piano,07contrast_Beethoven_Moonlight_Piano.mp3,A,4,01sj_1_Spa_relaxation_jazz_background,01sj_1_Spa_relaxation_jazz_background.mp3,test_tracks/01sj_1_Spa_relaxation_jazz_background.mp3,
07contrast_Beethoven_Moonlight_Piano,07contrast_Beethoven_Moonlight_Piano.mp3,A,5,05med_Meditation_bez_slov_Vnutrennee_samoistselenie,05med_Meditation_bez_slov_Vnutrennee_samoistselenie.mp3,test_tracks/05med_Meditation_bez_slov_Vnutrennee_samoistselenie.mp3,
07contrast_Beethoven_Moonlight_Piano,07contrast_Beethoven_Moonlight_Piano.mp3,B,1,03spa_Music_for_Healing_Hands,03spa_Music_for_Healing_Hands.mp3,test_tracks/03spa_Music_for_Healing_Hands.mp3,
07contrast_Beethoven_Moonlight_Piano,07contrast_Beethoven_Moonlight_Piano.mp3,B,2,07contrast_sung_Tapki_u_poroga,07contrast_sung_Tapki_u_poroga.wav,test_tracks/07contrast_sung_Tapki_u_poroga.wav,
07contrast_Beethoven_Moonlight_Piano,07contrast_Beethoven_Moonlight_Piano.mp3,B,3,04sleep_10,04sleep_10.mp3,test_tracks/04sleep_10.mp3,
07contrast_Beethoven_Moonlight_Piano,07contrast_Beethoven_Moonlight_Piano.mp3,B,4,05med_Angelskiy_iscelayushchiy_impuls,05med_Angelskiy_iscelayushchiy_impuls.mp3,test_tracks/05med_Angelskiy_iscelayushchiy_impuls.mp3,
07contrast_Beethoven_Moonlight_Piano,07contrast_Beethoven_Moonlight_Piano.mp3,B,5,07contrast_energetic_Seychas_budet_pesnya_derzkim,07contrast_energetic_Seychas_budet_pesnya_derzkim.wav,test_tracks/07contrast_energetic_Seychas_budet_pesnya_derzkim.wav,
06vocal_sung_Ya_ostalas,06vocal_sung_Ya_ostalas.wav,A,1,07contrast_energetic_Seychas_budet_pesnya_derzkim,07contrast_energetic_Seychas_budet_pesnya_derzkim.wav,test_tracks/07contrast_energetic_Seychas_budet_pesnya_derzkim.wav,
06vocal_sung_Ya_ostalas,06vocal_sung_Ya_ostalas.wav,A,2,01sj_10_Warm_spa_lounge_jazz,01sj_10_Warm_spa_lounge_jazz.mp3,test_tracks/01sj_10_Warm_spa_lounge_jazz.mp3,
06vocal_sung_Ya_ostalas,06vocal_sung_Ya_ostalas.wav,A,3,07contrast_sung_Tapki_u_poroga,07contrast_sung_Tapki_u_poroga.wav,test_tracks/07contrast_sung_Tapki_u_poroga.wav,
06vocal_sung_Ya_ostalas,06vocal_sung_Ya_ostalas.wav,A,4,01sj_2_Calm_spa_room_jazz_ambience,01sj_2_Calm_spa_room_jazz_ambience.mp3,test_tracks/01sj_2_Calm_spa_room_jazz_ambience.mp3,
06vocal_sung_Ya_ostalas,06vocal_sung_Ya_ostalas.wav,A,5,01sj_3_Cozy_spa_smooth_jazz_background,01sj_3_Cozy_spa_smooth_jazz_background.mp3,test_tracks/01sj_3_Cozy_spa_smooth_jazz_background.mp3,
06vocal_sung_Ya_ostalas,06vocal_sung_Ya_ostalas.wav,B,1,06vocal_sung_Ty_dazhe_ne_ponyal,06vocal_sung_Ty_dazhe_ne_ponyal.wav,test_tracks/06vocal_sung_Ty_dazhe_ne_ponyal.wav,
06vocal_sung_Ya_ostalas,06vocal_sung_Ya_ostalas.wav,B,2,07contrast_energetic_Seychas_budet_pesnya_derzkim,07contrast_energetic_Seychas_budet_pesnya_derzkim.wav,test_tracks/07contrast_energetic_Seychas_budet_pesnya_derzkim.wav,
06vocal_sung_Ya_ostalas,06vocal_sung_Ya_ostalas.wav,B,3,07contrast_sung_Tapki_u_poroga,07contrast_sung_Tapki_u_poroga.wav,test_tracks/07contrast_sung_Tapki_u_poroga.wav,
06vocal_sung_Ya_ostalas,06vocal_sung_Ya_ostalas.wav,B,4,02lounge_2_Dflat_major,02lounge_2_Dflat_major.mp3,test_tracks/02lounge_2_Dflat_major.mp3,
06vocal_sung_Ya_ostalas,06vocal_sung_Ya_ostalas.wav,B,5,06vocal_spoken_Lyubov_k_sebe,06vocal_spoken_Lyubov_k_sebe.mp3,test_tracks/06vocal_spoken_Lyubov_k_sebe.mp3,
06vocal_spoken_Lyubov_k_sebe,06vocal_spoken_Lyubov_k_sebe.mp3,A,1,03spa_Warm_Massage_Comfort,03spa_Warm_Massage_Comfort.mp3,test_tracks/03spa_Warm_Massage_Comfort.mp3,
06vocal_spoken_Lyubov_k_sebe,06vocal_spoken_Lyubov_k_sebe.mp3,A,2,02lounge_2_Dflat_major,02lounge_2_Dflat_major.mp3,test_tracks/02lounge_2_Dflat_major.mp3,
06vocal_spoken_Lyubov_k_sebe,06vocal_spoken_Lyubov_k_sebe.mp3,A,3,03spa_Quiet_Body_Healing,03spa_Quiet_Body_Healing.mp3,test_tracks/03spa_Quiet_Body_Healing.mp3,
06vocal_spoken_Lyubov_k_sebe,06vocal_spoken_Lyubov_k_sebe.mp3,A,4,02lounge_4_Eflat_major,02lounge_4_Eflat_major.mp3,test_tracks/02lounge_4_Eflat_major.mp3,
06vocal_spoken_Lyubov_k_sebe,06vocal_spoken_Lyubov_k_sebe.mp3,A,5,01sj_10_Warm_spa_lounge_jazz,01sj_10_Warm_spa_lounge_jazz.mp3,test_tracks/01sj_10_Warm_spa_lounge_jazz.mp3,
06vocal_spoken_Lyubov_k_sebe,06vocal_spoken_Lyubov_k_sebe.mp3,B,1,06vocal_sung_Ty_dazhe_ne_ponyal,06vocal_sung_Ty_dazhe_ne_ponyal.wav,test_tracks/06vocal_sung_Ty_dazhe_ne_ponyal.wav,
06vocal_spoken_Lyubov_k_sebe,06vocal_spoken_Lyubov_k_sebe.mp3,B,2,05med_Meditation_bez_slov_Vnutrennee_samoistselenie,05med_Meditation_bez_slov_Vnutrennee_samoistselenie.mp3,test_tracks/05med_Meditation_bez_slov_Vnutrennee_samoistselenie.mp3,
06vocal_spoken_Lyubov_k_sebe,06vocal_spoken_Lyubov_k_sebe.mp3,B,3,05med_Angelskiy_iscelayushchiy_impuls,05med_Angelskiy_iscelayushchiy_impuls.mp3,test_tracks/05med_Angelskiy_iscelayushchiy_impuls.mp3,
06vocal_spoken_Lyubov_k_sebe,06vocal_spoken_Lyubov_k_sebe.mp3,B,4,05med_Meditation_bez_slov_15min_Siyanie_serdtsa,05med_Meditation_bez_slov_15min_Siyanie_serdtsa.mp3,test_tracks/05med_Meditation_bez_slov_15min_Siyanie_serdtsa.mp3,
06vocal_spoken_Lyubov_k_sebe,06vocal_spoken_Lyubov_k_sebe.mp3,B,5,07contrast_energetic_Seychas_budet_pesnya_derzkim,07contrast_energetic_Seychas_budet_pesnya_derzkim.wav,test_tracks/07contrast_energetic_Seychas_budet_pesnya_derzkim.wav,
07contrast_energetic_Seychas_budet_pesnya_derzkim,07contrast_energetic_Seychas_budet_pesnya_derzkim.wav,A,1,01sj_2_Calm_spa_room_jazz_ambience,01sj_2_Calm_spa_room_jazz_ambience.mp3,test_tracks/01sj_2_Calm_spa_room_jazz_ambience.mp3,
07contrast_energetic_Seychas_budet_pesnya_derzkim,07contrast_energetic_Seychas_budet_pesnya_derzkim.wav,A,2,03spa_Relaxing_Music_for_Healing_Massage,03spa_Relaxing_Music_for_Healing_Massage.mp3,test_tracks/03spa_Relaxing_Music_for_Healing_Massage.mp3,
07contrast_energetic_Seychas_budet_pesnya_derzkim,07contrast_energetic_Seychas_budet_pesnya_derzkim.wav,A,3,07contrast_sung_Tapki_u_poroga,07contrast_sung_Tapki_u_poroga.wav,test_tracks/07contrast_sung_Tapki_u_poroga.wav,
07contrast_energetic_Seychas_budet_pesnya_derzkim,07contrast_energetic_Seychas_budet_pesnya_derzkim.wav,A,4,05med_Spokoynaya_Prisutstvie_tselitelya,05med_Spokoynaya_Prisutstvie_tselitelya.mp3,test_tracks/05med_Spokoynaya_Prisutstvie_tselitelya.mp3,
07contrast_energetic_Seychas_budet_pesnya_derzkim,07contrast_energetic_Seychas_budet_pesnya_derzkim.wav,A,5,06vocal_sung_Ya_ostalas,06vocal_sung_Ya_ostalas.wav,test_tracks/06vocal_sung_Ya_ostalas.wav,
07contrast_energetic_Seychas_budet_pesnya_derzkim,07contrast_energetic_Seychas_budet_pesnya_derzkim.wav,B,1,07contrast_sung_Tapki_u_poroga,07contrast_sung_Tapki_u_poroga.wav,test_tracks/07contrast_sung_Tapki_u_poroga.wav,
07contrast_energetic_Seychas_budet_pesnya_derzkim,07contrast_energetic_Seychas_budet_pesnya_derzkim.wav,B,2,06vocal_sung_Ya_ostalas,06vocal_sung_Ya_ostalas.wav,test_tracks/06vocal_sung_Ya_ostalas.wav,
07contrast_energetic_Seychas_budet_pesnya_derzkim,07contrast_energetic_Seychas_budet_pesnya_derzkim.wav,B,3,06vocal_sung_Ty_dazhe_ne_ponyal,06vocal_sung_Ty_dazhe_ne_ponyal.wav,test_tracks/06vocal_sung_Ty_dazhe_ne_ponyal.wav,
07contrast_energetic_Seychas_budet_pesnya_derzkim,07contrast_energetic_Seychas_budet_pesnya_derzkim.wav,B,4,02lounge_2_Dflat_major,02lounge_2_Dflat_major.mp3,test_tracks/02lounge_2_Dflat_major.mp3,
07contrast_energetic_Seychas_budet_pesnya_derzkim,07contrast_energetic_Seychas_budet_pesnya_derzkim.wav,B,5,01sj_1_Spa_relaxation_jazz_background,01sj_1_Spa_relaxation_jazz_background.mp3,test_tracks/01sj_1_Spa_relaxation_jazz_background.mp3,
05med_Angelskiy_iscelayushchiy_impuls,05med_Angelskiy_iscelayushchiy_impuls.mp3,A,1,05med_Meditation_bez_slov_Vnutrennee_samoistselenie,05med_Meditation_bez_slov_Vnutrennee_samoistselenie.mp3,test_tracks/05med_Meditation_bez_slov_Vnutrennee_samoistselenie.mp3,
05med_Angelskiy_iscelayushchiy_impuls,05med_Angelskiy_iscelayushchiy_impuls.mp3,A,2,04sleep_3,04sleep_3.mp3,test_tracks/04sleep_3.mp3,
05med_Angelskiy_iscelayushchiy_impuls,05med_Angelskiy_iscelayushchiy_impuls.mp3,A,3,05med_Nezhnyy_potok_istseleniya,05med_Nezhnyy_potok_istseleniya.mp3,test_tracks/05med_Nezhnyy_potok_istseleniya.mp3,
05med_Angelskiy_iscelayushchiy_impuls,05med_Angelskiy_iscelayushchiy_impuls.mp3,A,4,03spa_Quiet_Body_Healing,03spa_Quiet_Body_Healing.mp3,test_tracks/03spa_Quiet_Body_Healing.mp3,
05med_Angelskiy_iscelayushchiy_impuls,05med_Angelskiy_iscelayushchiy_impuls.mp3,A,5,04sleep_2,04sleep_2.mp3,test_tracks/04sleep_2.mp3,
05med_Angelskiy_iscelayushchiy_impuls,05med_Angelskiy_iscelayushchiy_impuls.mp3,B,1,03spa_Relaxing_Music_for_Healing_Massage,03spa_Relaxing_Music_for_Healing_Massage.mp3,test_tracks/03spa_Relaxing_Music_for_Healing_Massage.mp3,
05med_Angelskiy_iscelayushchiy_impuls,05med_Angelskiy_iscelayushchiy_impuls.mp3,B,2,05med_Meditation_bez_slov_Vnutrennee_samoistselenie,05med_Meditation_bez_slov_Vnutrennee_samoistselenie.mp3,test_tracks/05med_Meditation_bez_slov_Vnutrennee_samoistselenie.mp3,
05med_Angelskiy_iscelayushchiy_impuls,05med_Angelskiy_iscelayushchiy_impuls.mp3,B,3,05med_Spokoynaya_Prisutstvie_tselitelya,05med_Spokoynaya_Prisutstvie_tselitelya.mp3,test_tracks/05med_Spokoynaya_Prisutstvie_tselitelya.mp3,
05med_Angelskiy_iscelayushchiy_impuls,05med_Angelskiy_iscelayushchiy_impuls.mp3,B,4,04sleep_3,04sleep_3.mp3,test_tracks/04sleep_3.mp3,
05med_Angelskiy_iscelayushchiy_impuls,05med_Angelskiy_iscelayushchiy_impuls.mp3,B,5,03spa_Quiet_Body_Healing,03spa_Quiet_Body_Healing.mp3,test_tracks/03spa_Quiet_Body_Healing.mp3,
